{
  "LCP": 118.39999999990687,
  "FID": 0.39999999990686774,
  "CLS": 0,
  "INP": 64,
  "FCP": 83.60000000009313,
  "TTFB": 16.100000000093132,
  "time": 1716667123307
}
